comment_id,subreddit,body,score,interactivity,is_liberal,is_conservative,rationality,incivility,reddit_id,parent_id
T001,worldnews,"No one's stopping you. Go ahead. Drop some food. They can do whatever the fuck they want, it's their plane and it's not their fault that Kim and his minions are oppressing their people.",1,1,0,0,0,1,cnas9lh,t1_cna6y1g
T002,worldnews,"In The Communist Manifesto, Marx predicted imminent revolution in Europe. He also predicted it in advanced countries. Not only has this not happened, over 100 years later, but when attempted it was in backwards feudal countries...",1,1,0,0,1,0,cnas9s2,t1_cnar9ae
T003,worldnews,"Iran will never be a peace society,,,taking away these christians is cowardly,,I wish evil punshiment to those that do that,,,,",1,0,0,0,0,1,cnas9xp,t3_2qxsvq
T004,worldnews,I just think this is funny because of those videos where republicans were talking about Obama and Czars...HE PUT CZARS IN THE GOVERNMENT! WE'RE NOT RUSSIAN! KEEP THE CZARS IN RUSSIA!,1,0,1,0,1,1,cnasa0l,t1_cnajg8h
T005,worldnews,I think this is exactly how it works. Different countries often recognize borders and sovereign countries. I expect that an atlas sold in Taiwan would be labeled slightly differently from one sold in mainland China...,1,1,0,0,1,0,cnasa1a,t1_cnahbvw
T006,worldnews,"I read a great comment recently, the message of which I am trying to spread. It is so easy and fun to make jokes about NK, their regime, the Kims, the threats they make. This is likely intentional on their part...",1,0,0,0,1,0,cnasams,t3_2qw3rt
T007,worldnews,"Yes, the US decided that the crippling reparations enforced on Germany after the First War were a direct cause of the Second War. So, we helped the entire continent of Europe. You keep confusing the Marshall Plan and the Anglo-American Loan.",1,1,0,0,1,0,cnasd6m,t1_cnarqb1
T008,worldnews,"Yes, storm formations can be much higher in that part of the world. Pollution might also play a part in this. The plane had fuel only for 4.5 hours of flight time so long diversions were impossible.",1,1,0,0,1,0,cnaseb0,t1_cnalmx1
T009,worldnews,"Not always. They might through 3rd parties tell you that to make you scared, to limit your movement, confidence, etc. Also, there are far more parties that fear wikileaks efforts than just traditional Intelligence Agencies.",1,1,0,0,1,0,cnasf8o,t1_cna947x
T010,worldnews,"I still think this is our-fault for electing leaders such as these people, we should never forget that one vote can make a change, that one determined individual can change things. Wish you a happy new year.",1,0,0,0,0,0,cnasfyy,t1_cnarwkj
T011,worldnews,"Had the local government been a source of public bail-out funds as in the US or a source of government takeover and fixing as in the US, then City Link could have been saved and the employees still working. But since they can go get better jobs, they won't need to live in a US style corporate slave state society.",1,0,1,0,1,0,cnash6p,t3_2qyswt
T012,worldnews,"Here's your reality, from mostly Israeli sources: Exposing Israeli teens to IDF child abuse... Child abuse rates in Israel now higher than in US...",1,1,0,0,1,0,cnashe8,t1_cnapvs4
T013,worldnews,"And had it been an Iranian map maker, then sure. But if a German map maker was to remove Taiwan from the map this would be a story as well. They removed Israel completely and replaced it with Palestine.",1,1,0,0,1,0,cnashjy,t1_cnaoz0w
T014,worldnews,Economic growth partially involves carefully balancing inflation with other factors. There's a short term relationship between unemployment and inflation. This is known as the Phillips Curve... the economy is somewhat fucked.,1,0,0,0,1,1,cnasjk8,t1_cnarwyo
T015,worldnews,"Is this post a fucking joke? Assad has killed thousands citizens sent just as many to secret prisons, fired on protestors, dropped barrels bombs on residential areas. And you think he is somehow comparable to Clinton and Bush?",1,1,0,0,1,1,cnasl4b,t1_cnaqq3g
T016,worldnews,"A revolt is not a revolution. You are right Marxism never caught on, anywhere for the matter except for places like Russia, China, North Korea. I am pretty left wing myself.",1,1,1,0,1,0,cnaslgc,t1_cnas9s2
T017,worldnews,"That quote is completely irrelevant to what we're discussing. Here's Washington's full letter. The letter is an order to a colonel, discussing the logistics of troop movements. Should the President be able to go to war without the public knowing?",1,1,1,0,1,0,cnasm2i,t1_cnaq2ya
T018,worldnews,Adam Smith is not the libertarian libertarians would have you believe. He actually had strong views about ending poverty with government involvement. I find Ayn Rand is similar to Marx.,1,1,1,0,1,0,cnasmbt,t1_cnas2pi
T019,worldnews,"The problem is that Greece wants many conflicting things: 1) Reverse all the cuts and tax increases 2) Keep receiving money 3) Have most of its debt forgiven. If it was just the first, of course it would be their choice.",1,1,0,0,1,0,cnasmua,t1_cnafdzf
T020,worldnews,"The scariest thing is that the US is so arrogant and utterly blind, being completely convinced that their way of life is THE best in the world. Just like how Britain tried to civilize Africa, the US is making similar mistakes...",1,1,1,0,1,0,cnasnc2,t1_cnal5a6
T021,worldnews,Israel ended its occupation of Gaza 9 years ago. As far as the West Bank I really don't know. I don't think Israel is going to allow the Muslims living in the West Bank to become citizens of Israel because they are so hostile to each other...,1,1,0,0,1,0,cnaspof,t1_cnaavgb
